section,组别,分案人力,分案剩余本金,累计回退,累计回退率,分公司回退率,差异点位,差异金额,首催分案,首催回退,首催回退率,分公司首催回退率,剩余老案,当日老案回退,当日老案回退率,分公司当日老案回退率
全量数据,CD-F1,20,147942780.8,111081352.65000002,0.7508399669745832,0.7572177504292428,-0.006377783454659558,-943547.0196225658,9296762.38,5798147.71,0.6236738633304726,0.6466071507148767,0,1332589.8200000008,0.009007467703351434,0.009212146719099068
全量数据,CD-F2,19,147519375.08999997,112647836.37,0.7636138392077297,0.7572177504292428,0.0063960887784869636,943547.0196225581,11104430.299999999,7393409.360000001,0.6658071742770993,0.6466071507148767,0,1389250.9099999997,0.00941741319845229,0.009212146719099068
全量数据,CD-F3,6,50549802.089999996,39308446.300000004,0.777618203727373,0.777618203727373,0.0,0.0,3750447.71,1761189.27,0.46959440743675906,0.46959440743675906,0,432207.06000000006,0.00855012368259106,0.00855012368259106
全量数据,ZZ-F1,24,178372778.09,140742074.2,0.789033369929278,0.7657843149348227,0.023249054994455287,4146998.527328179,12480388.05,9306218.139999999,0.7456673704949421,0.6562026602878314,0,1902408.5500000003,0.010665352473459367,0.01094609930051196
全量数据,ZZ-F2,18,135978067.05000004,105847722.49999999,0.7784176139309222,0.7657843149348227,0.012633298996099551,1717851.577954323,9888373.209999999,6086877.7700000005,0.6155590652509364,0.6562026602878314,0,1812099.790000001,0.01332641233481926,0.01094609930051196
全量数据,ZZ-F3,17,95488000.86,72556130.32000001,0.7598455268361769,0.7657843149348227,-0.005938788098645786,-567083.0030708467,6883271.23,4379205.79,0.6362099710547073,0.6562026602878314,0,1071159.07,0.011217734797594966,0.01094609930051196
全量数据,ZZ-F4,20,149252474.42000008,109435992.13000003,0.7332273220613046,0.7657843149348227,-0.0325569928735181,-4859211.746046885,10016181.150000002,5876255.82,0.586676272323609,0.6562026602878314,0,1374595.6900000004,0.009209868682859185,0.01094609930051196
全量数据,ZZ-F5,18,112206635.89,85487526.44000001,0.7618758530806178,0.7657843149348227,-0.003908461854204903,-438555.35616472387,8065051.0200000005,5411656.67,0.6710009219507702,0.6562026602878314,0,1187830.9899999993,0.010586102867966478,0.01094609930051196
