section,组别,分案人力,分案剩余本金,累计回退,累计回退率,分公司回退率,差异点位,差异金额,首催分案,首催回退,首催回退率,分公司首催回退率,剩余老案,当日老案回退,当日老案回退率,分公司当日老案回退率
全量数据,CD-F1,20,147942780.8,110854897.53000003,0.7493092730213168,0.7561257009279181,-0.006816427906601308,-1008441.2996253202,9296762.38,5720891.4399999995,0.6153638445473529,0.638970047706054,0,1183390.9700000002,0.00799897746683426,0.008599654505147394
全量数据,CD-F2,19,147519375.08999997,112551632.19000001,0.7629616931425685,0.7561257009279181,0.006835992214650366,1008441.299625327,11104430.299999999,7314859.620000001,0.6587334444343356,0.638970047706054,0,1357481.4899999998,0.009202055588778187,0.008599654505147394
全量数据,CD-F3,6,50549802.089999996,39199754.13,0.7754680040133072,0.7754680040133072,0.0,0.0,3750447.71,1694466.6,0.45180381944319925,0.45180381944319925,0,390237.56000000006,0.007719863260892939,0.007719863260892939
全量数据,ZZ-F1,24,178372778.09,140512469.37,0.7877461509238974,0.763980700952955,0.02376544997094243,4239109.333875911,12480388.05,9161638.089999998,0.7340827907991209,0.6419481224940294,0,1817383.7700000005,0.010188683438472988,0.010147573750178756
全量数据,ZZ-F2,18,135978067.05,105694411.64999998,0.7772901464405687,0.763980700952955,0.013309445487613702,1809792.6709130562,9888373.209999999,6030019.25,0.6098090274244413,0.6419481224940294,0,1715647.460000001,0.012617089632323912,0.010147573750178756
全量数据,ZZ-F3,17,95488000.86,72300177.52,0.757165056015814,0.763980700952955,-0.006815644937141041,-650812.3096191784,6883271.23,4281451.0200000005,0.6220081814210305,0.6419481224940294,0,912961.0400000002,0.009561002762415569,0.010147573750178756
全量数据,ZZ-F4,20,149252474.42000008,109334010.01000002,0.7325440361030898,0.763980700952955,-0.03143666484986518,-4692000.016354619,10016181.150000002,5876255.82,0.586676272323609,0.6419481224940294,0,1272613.5700000003,0.008526582724644382,0.010147573750178756
全量数据,ZZ-F5,18,112206635.89,85017614.66000001,0.7576879387360449,0.763980700952955,-0.006292762216910108,-706089.6788151817,8065051.0200000005,5036136.200000001,0.6244394719278541,0.6419481224940294,0,1093439.6799999995,0.009744875348298793,0.010147573750178756
